{
  "hash": "f56c5f40",
  "configHash": "5dd273c7",
  "lockfileHash": "35e43862",
  "browserHash": "ecc8914a",
  "optimized": {
    "@angular/core": {
      "src": "../../../../../../node_modules/@angular/core/fesm2022/core.mjs",
      "file": "@angular_core.js",
      "fileHash": "6f0cc7eb",
      "needsInterop": false
    },
    "@angular/platform-browser": {
      "src": "../../../../../../node_modules/@angular/platform-browser/fesm2022/platform-browser.mjs",
      "file": "@angular_platform-browser.js",
      "fileHash": "dcfb7b1e",
      "needsInterop": false
    },
    "@angular/router": {
      "src": "../../../../../../node_modules/@angular/router/fesm2022/router.mjs",
      "file": "@angular_router.js",
      "fileHash": "49ebafec",
      "needsInterop": false
    },
    "@angular/common": {
      "src": "../../../../../../node_modules/@angular/common/fesm2022/common.mjs",
      "file": "@angular_common.js",
      "fileHash": "1ae143ea",
      "needsInterop": false
    }
  },
  "chunks": {
    "chunk-OWOG724K": {
      "file": "chunk-OWOG724K.js"
    },
    "chunk-DGEC4I3I": {
      "file": "chunk-DGEC4I3I.js"
    },
    "chunk-6YD6TZZR": {
      "file": "chunk-6YD6TZZR.js"
    }
  }
}